-- phpMyAdmin SQL Dump
-- version 5.1.1
-- https://www.phpmyadmin.net/
--
-- Host: 127.0.0.1
-- Generation Time: Feb 22, 2023 at 11:14 AM
-- Server version: 10.4.22-MariaDB
-- PHP Version: 7.4.26

SET SQL_MODE = "NO_AUTO_VALUE_ON_ZERO";
START TRANSACTION;
SET time_zone = "+00:00";


/*!40101 SET @OLD_CHARACTER_SET_CLIENT=@@CHARACTER_SET_CLIENT */;
/*!40101 SET @OLD_CHARACTER_SET_RESULTS=@@CHARACTER_SET_RESULTS */;
/*!40101 SET @OLD_COLLATION_CONNECTION=@@COLLATION_CONNECTION */;
/*!40101 SET NAMES utf8mb4 */;

--
-- Database: `inventory`
--

-- --------------------------------------------------------

--
-- Table structure for table `admin`
--

CREATE TABLE `admin` (
  `admin_id` int(11) NOT NULL,
  `role_id` int(11) NOT NULL,
  `name` varchar(100) NOT NULL,
  `emailid` varchar(200) NOT NULL,
  `mobile_number` bigint(10) NOT NULL,
  `password` varchar(200) NOT NULL,
  `blood_group` varchar(200) NOT NULL,
  `remember_me` varchar(200) NOT NULL,
  `active_status` tinyint(1) NOT NULL DEFAULT 1
) ENGINE=InnoDB DEFAULT CHARSET=latin1;

--
-- Dumping data for table `admin`
--

INSERT INTO `admin` (`admin_id`, `role_id`, `name`, `emailid`, `mobile_number`, `password`, `blood_group`, `remember_me`, `active_status`) VALUES
(1, 1, 'Instructor', 'instructor@gmail.com', 7353448991, '$2a$10$gytk0krNAKpDayQpsYYWr.EUnIXNT7iCLSch6tkYjX3bO6pJJyEdS', '', '', 1),
(2, 2, 'HOD', 'hod@gmail.com', 9876543210, '$2a$10$gytk0krNAKpDayQpsYYWr.EUnIXNT7iCLSch6tkYjX3bO6pJJyEdS', '', '', 1),
(3, 3, 'Registrar', 'registrar@gmail.com', 9876543211, '$2a$10$gytk0krNAKpDayQpsYYWr.EUnIXNT7iCLSch6tkYjX3bO6pJJyEdS', '', '', 1),
(4, 4, 'Principal', 'principal@gmail.com', 9876543212, '$2a$10$gytk0krNAKpDayQpsYYWr.EUnIXNT7iCLSch6tkYjX3bO6pJJyEdS', '', '', 1),
(5, 5, 'Company 1', 'company1@gmail.com', 9876543213, '$2a$10$gytk0krNAKpDayQpsYYWr.EUnIXNT7iCLSch6tkYjX3bO6pJJyEdS', '', '', 1),
(6, 5, 'Company 2', 'company2@gmail.com', 9876543214, '$2a$10$gytk0krNAKpDayQpsYYWr.EUnIXNT7iCLSch6tkYjX3bO6pJJyEdS', '', '', 1),
(7, 5, 'Company 3', 'company3@gmail.com', 9876543215, '$2a$10$gytk0krNAKpDayQpsYYWr.EUnIXNT7iCLSch6tkYjX3bO6pJJyEdS', '', '', 1);

-- --------------------------------------------------------

--
-- Table structure for table `budget`
--

CREATE TABLE `budget` (
  `id` int(11) UNSIGNED NOT NULL,
  `budget` bigint(20) NOT NULL DEFAULT 0,
  `activeStatus` tinyint(1) NOT NULL DEFAULT 1
) ENGINE=InnoDB DEFAULT CHARSET=utf8mb4;

--
-- Dumping data for table `budget`
--

INSERT INTO `budget` (`id`, `budget`, `activeStatus`) VALUES
(1, 500000, 1);

-- --------------------------------------------------------

--
-- Table structure for table `ci_sessions`
--

CREATE TABLE `ci_sessions` (
  `id` varchar(128) NOT NULL,
  `ip_address` varchar(45) NOT NULL,
  `timestamp` int(10) UNSIGNED NOT NULL DEFAULT 0,
  `data` blob NOT NULL
) ENGINE=InnoDB DEFAULT CHARSET=latin1;

--
-- Dumping data for table `ci_sessions`
--

INSERT INTO `ci_sessions` (`id`, `ip_address`, `timestamp`, `data`) VALUES
('ci_sessions:pteb5ltml485crseiotomm7rghscop2u', '::1', 4294967295, 0x5f5f63695f6c6173745f726567656e65726174657c693a313637333136343532393b5f63695f70726576696f75735f75726c7c733a33323a22687474703a2f2f6c6f63616c686f73743a383038302f696e6465782e7068702f223b656d61696c69647c733a31383a22636f6d70616e793340676d61696c2e636f6d223b6e616d657c733a393a22436f6d70616e792033223b6d6f62696c655f6e756d6265727c733a31303a2239383736353433323135223b61646d696e5f69647c733a313a2237223b69734c6f67676564496e7c623a313b726f6c655f69647c733a313a2235223b),
('ci_sessions:56qo9k8fanoq27skemft92dbvphvlsru', '::1', 4294967295, 0x5f5f63695f6c6173745f726567656e65726174657c693a313637333136353934393b5f63695f70726576696f75735f75726c7c733a34313a22687474703a2f2f6c6f63616c686f73743a383038302f696e6465782e7068702f64617368626f617264223b656d61696c69647c733a31393a227072696e636970616c40676d61696c2e636f6d223b6e616d657c733a393a225072696e636970616c223b6d6f62696c655f6e756d6265727c733a31303a2239383736353433323132223b61646d696e5f69647c733a313a2234223b69734c6f67676564496e7c623a313b726f6c655f69647c733a313a2234223b6572726f727c4e3b737563636573737c4e3b),
('ci_sessions:m0m8vpd1f6o6h43o6esm71ifq0j7v90v', '::1', 4294967295, 0x5f5f63695f6c6173745f726567656e65726174657c693a313637333136363033383b6572726f727c4e3b737563636573737c4e3b5f63695f70726576696f75735f75726c7c733a34313a22687474703a2f2f6c6f63616c686f73743a383038302f696e6465782e7068702f64617368626f617264223b656d61696c69647c733a31393a227072696e636970616c40676d61696c2e636f6d223b6e616d657c733a393a225072696e636970616c223b6d6f62696c655f6e756d6265727c733a31303a2239383736353433323132223b61646d696e5f69647c733a313a2234223b69734c6f67676564496e7c623a313b726f6c655f69647c733a313a2234223b),
('ci_sessions:16qd287kr3qfsn7692eg1b1enrq4i6om', '::1', 4294967295, 0x5f5f63695f6c6173745f726567656e65726174657c693a313637333136363235313b5f63695f70726576696f75735f75726c7c733a34313a22687474703a2f2f6c6f63616c686f73743a383038302f696e6465782e7068702f64617368626f617264223b656d61696c69647c733a31393a227072696e636970616c40676d61696c2e636f6d223b6e616d657c733a393a225072696e636970616c223b6d6f62696c655f6e756d6265727c733a31303a2239383736353433323132223b61646d696e5f69647c733a313a2234223b69734c6f67676564496e7c623a313b726f6c655f69647c733a313a2234223b6572726f727c4e3b737563636573737c4e3b5f5f63695f766172737c613a313a7b733a373a2273756363657373223b733a333a226f6c64223b7d),
('ci_sessions:lh4a34o5m6q2ef1ghi6ipg7gmsg5t4ct', '::1', 4294967295, 0x5f5f63695f6c6173745f726567656e65726174657c693a313637333136363033383b6572726f727c4e3b5f63695f70726576696f75735f75726c7c733a34313a22687474703a2f2f6c6f63616c686f73743a383038302f696e6465782e7068702f64617368626f617264223b656d61696c69647c733a31393a227072696e636970616c40676d61696c2e636f6d223b6e616d657c733a393a225072696e636970616c223b6d6f62696c655f6e756d6265727c733a31303a2239383736353433323132223b61646d696e5f69647c733a313a2234223b69734c6f67676564496e7c623a313b726f6c655f69647c733a313a2234223b737563636573737c4e3b),
('ci_sessions:1gvml0afi6p1j90ngcctbvptl4kq3bdi', '::1', 4294967295, 0x5f5f63695f6c6173745f726567656e65726174657c693a313637333136363235313b5f63695f70726576696f75735f75726c7c733a33323a22687474703a2f2f6c6f63616c686f73743a383038302f696e6465782e7068702f223b656d61696c69647c733a31393a2272656769737472617240676d61696c2e636f6d223b6e616d657c733a393a22526567697374726172223b6d6f62696c655f6e756d6265727c733a31303a2239383736353433323131223b61646d696e5f69647c733a313a2233223b69734c6f67676564496e7c623a313b726f6c655f69647c733a313a2233223b6572726f727c4e3b737563636573737c4e3b),
('ci_sessions:rr2ltihuq9aggm05lp6gs44285coohu5', '::1', 4294967295, 0x5f5f63695f6c6173745f726567656e65726174657c693a313637333136393538333b5f63695f70726576696f75735f75726c7c733a33323a22687474703a2f2f6c6f63616c686f73743a383038302f696e6465782e7068702f223b),
('ci_sessions:lfk925dk0p981ta0eak01fld4cspj8tc', '::1', 4294967295, 0x5f5f63695f6c6173745f726567656e65726174657c693a313637333136393931323b5f63695f70726576696f75735f75726c7c733a34313a22687474703a2f2f6c6f63616c686f73743a383038302f696e6465782e7068702f64617368626f617264223b656d61696c69647c733a31393a227072696e636970616c40676d61696c2e636f6d223b6e616d657c733a393a225072696e636970616c223b6d6f62696c655f6e756d6265727c733a31303a2239383736353433323132223b61646d696e5f69647c733a313a2234223b69734c6f67676564496e7c623a313b726f6c655f69647c733a313a2234223b6572726f727c4e3b737563636573737c4e3b),
('ci_sessions:lq3lgok0eqimr7tceffca56co7uvahf3', '::1', 4294967295, 0x5f5f63695f6c6173745f726567656e65726174657c693a313637333137303332313b5f63695f70726576696f75735f75726c7c733a33323a22687474703a2f2f6c6f63616c686f73743a383038302f696e6465782e7068702f223b656d61696c69647c733a31393a227072696e636970616c40676d61696c2e636f6d223b6e616d657c733a393a225072696e636970616c223b6d6f62696c655f6e756d6265727c733a31303a2239383736353433323132223b61646d696e5f69647c733a313a2234223b69734c6f67676564496e7c623a313b726f6c655f69647c733a313a2234223b6572726f727c4e3b737563636573737c4e3b),
('ci_sessions:mtn0ic9jjdbnbrj9u91ducq7dkbrp6pi', '::1', 4294967295, 0x5f5f63695f6c6173745f726567656e65726174657c693a313637333137303332313b5f63695f70726576696f75735f75726c7c733a34313a22687474703a2f2f6c6f63616c686f73743a383038302f696e6465782e7068702f64617368626f617264223b656d61696c69647c733a32303a22696e7374727563746f7240676d61696c2e636f6d223b6e616d657c733a31303a22496e7374727563746f72223b6d6f62696c655f6e756d6265727c733a31303a2237333533343438393931223b61646d696e5f69647c733a313a2231223b69734c6f67676564496e7c623a313b726f6c655f69647c733a313a2231223b6572726f727c4e3b737563636573737c4e3b),
('ci_sessions:r55sgqrl48seu385o36auj5m6jjutpkc', '::1', 4294967295, 0x5f5f63695f6c6173745f726567656e65726174657c693a313637343031393939333b5f63695f70726576696f75735f75726c7c733a33323a22687474703a2f2f6c6f63616c686f73743a383038302f696e6465782e7068702f223b656d61696c69647c733a32303a22696e7374727563746f7240676d61696c2e636f6d223b6e616d657c733a31303a22496e7374727563746f72223b6d6f62696c655f6e756d6265727c733a31303a2237333533343438393931223b61646d696e5f69647c733a313a2231223b69734c6f67676564496e7c623a313b726f6c655f69647c733a313a2231223b6572726f727c4e3b737563636573737c4e3b),
('ci_sessions:crsjjr66h43paqprhplkk82ktqmn0co3', '::1', 4294967295, 0x5f5f63695f6c6173745f726567656e65726174657c693a313637343937343738353b5f63695f70726576696f75735f75726c7c733a33323a22687474703a2f2f6c6f63616c686f73743a383038302f696e6465782e7068702f223b656d61696c69647c733a32303a22696e7374727563746f7240676d61696c2e636f6d223b6e616d657c733a31303a22496e7374727563746f72223b6d6f62696c655f6e756d6265727c733a31303a2237333533343438393931223b61646d696e5f69647c733a313a2231223b69734c6f67676564496e7c623a313b726f6c655f69647c733a313a2231223b6572726f727c4e3b737563636573737c4e3b),
('ci_sessions:l9qjuvg3k21j01rsdl6hjvc6near01lg', '::1', 4294967295, 0x5f5f63695f6c6173745f726567656e65726174657c693a313637353539383730383b5f63695f70726576696f75735f75726c7c733a34313a22687474703a2f2f6c6f63616c686f73743a383038302f696e6465782e7068702f64617368626f617264223b656d61696c69647c733a32303a22696e7374727563746f7240676d61696c2e636f6d223b6e616d657c733a31303a22496e7374727563746f72223b6d6f62696c655f6e756d6265727c733a31303a2237333533343438393931223b61646d696e5f69647c733a313a2231223b69734c6f67676564496e7c623a313b726f6c655f69647c733a313a2231223b6572726f727c4e3b737563636573737c4e3b),
('ci_sessions:1cuulmt0g3lj83rpft16gjlibpkdlvc1', '::1', 4294967295, 0x5f5f63695f6c6173745f726567656e65726174657c693a313637353539383730383b5f63695f70726576696f75735f75726c7c733a33323a22687474703a2f2f6c6f63616c686f73743a383038302f696e6465782e7068702f223b656d61696c69647c733a31393a227072696e636970616c40676d61696c2e636f6d223b6e616d657c733a393a225072696e636970616c223b6d6f62696c655f6e756d6265727c733a31303a2239383736353433323132223b61646d696e5f69647c733a313a2234223b69734c6f67676564496e7c623a313b726f6c655f69647c733a313a2234223b6572726f727c4e3b737563636573737c4e3b),
('ci_sessions:52etalmgrk44ur5aiehssrdqgqe6g22p', '::1', 4294967295, 0x5f5f63695f6c6173745f726567656e65726174657c693a313637363338343239303b5f63695f70726576696f75735f75726c7c733a33323a22687474703a2f2f6c6f63616c686f73743a383038302f696e6465782e7068702f223b656d61696c69647c733a32303a22696e7374727563746f7240676d61696c2e636f6d223b6e616d657c733a31303a22496e7374727563746f72223b6d6f62696c655f6e756d6265727c733a31303a2237333533343438393931223b61646d696e5f69647c733a313a2231223b69734c6f67676564496e7c623a313b726f6c655f69647c733a313a2231223b6572726f727c4e3b737563636573737c4e3b),
('ci_sessions:0l817fpjs4k2kv67tideplmg7ngu189p', '::1', 4294967295, 0x5f5f63695f6c6173745f726567656e65726174657c693a313637363338343539373b5f63695f70726576696f75735f75726c7c733a34313a22687474703a2f2f6c6f63616c686f73743a383038302f696e6465782e7068702f64617368626f617264223b656d61696c69647c733a31393a2272656769737472617240676d61696c2e636f6d223b6e616d657c733a393a22526567697374726172223b6d6f62696c655f6e756d6265727c733a31303a2239383736353433323131223b61646d696e5f69647c733a313a2233223b69734c6f67676564496e7c623a313b726f6c655f69647c733a313a2233223b6572726f727c4e3b737563636573737c4e3b),
('ci_sessions:p5icacrdpt5u9bl95oi264p90mif1sva', '::1', 4294967295, 0x5f5f63695f6c6173745f726567656e65726174657c693a313637363338343932303b5f63695f70726576696f75735f75726c7c733a34313a22687474703a2f2f6c6f63616c686f73743a383038302f696e6465782e7068702f64617368626f617264223b656d61696c69647c733a31393a227072696e636970616c40676d61696c2e636f6d223b6e616d657c733a393a225072696e636970616c223b6d6f62696c655f6e756d6265727c733a31303a2239383736353433323132223b61646d696e5f69647c733a313a2234223b69734c6f67676564496e7c623a313b726f6c655f69647c733a313a2234223b6572726f727c4e3b737563636573737c4e3b5f5f63695f766172737c613a313a7b733a373a2273756363657373223b733a333a226f6c64223b7d),
('ci_sessions:vfb4knk52fd82r2aiidqqgva13ievn5i', '::1', 4294967295, 0x5f5f63695f6c6173745f726567656e65726174657c693a313637363338353236353b5f63695f70726576696f75735f75726c7c733a33323a22687474703a2f2f6c6f63616c686f73743a383038302f696e6465782e7068702f223b656d61696c69647c733a31333a22686f6440676d61696c2e636f6d223b6e616d657c733a333a22484f44223b6d6f62696c655f6e756d6265727c733a31303a2239383736353433323130223b61646d696e5f69647c733a313a2232223b69734c6f67676564496e7c623a313b726f6c655f69647c733a313a2232223b6572726f727c4e3b737563636573737c4e3b),
('ci_sessions:fnb0ite22cj3d5kumh96qm1pjje3v0h0', '::1', 4294967295, 0x5f5f63695f6c6173745f726567656e65726174657c693a313637363338363039363b5f63695f70726576696f75735f75726c7c733a33323a22687474703a2f2f6c6f63616c686f73743a383038302f696e6465782e7068702f223b656d61696c69647c733a31393a2272656769737472617240676d61696c2e636f6d223b6e616d657c733a393a22526567697374726172223b6d6f62696c655f6e756d6265727c733a31303a2239383736353433323131223b61646d696e5f69647c733a313a2233223b69734c6f67676564496e7c623a313b726f6c655f69647c733a313a2233223b6572726f727c4e3b),
('ci_sessions:smc9jm8rj6dcsdu2ige2l5o9hkd2pt72', '::1', 4294967295, 0x5f5f63695f6c6173745f726567656e65726174657c693a313637363338363534373b5f63695f70726576696f75735f75726c7c733a33323a22687474703a2f2f6c6f63616c686f73743a383038302f696e6465782e7068702f223b656d61696c69647c733a31393a2272656769737472617240676d61696c2e636f6d223b6e616d657c733a393a22526567697374726172223b6d6f62696c655f6e756d6265727c733a31303a2239383736353433323131223b61646d696e5f69647c733a313a2233223b69734c6f67676564496e7c623a313b726f6c655f69647c733a313a2233223b6572726f727c4e3b737563636573737c4e3b),
('ci_sessions:vli4q646buh8klaj351gbjhthq3v02jr', '::1', 4294967295, 0x5f5f63695f6c6173745f726567656e65726174657c693a313637363338363838323b5f63695f70726576696f75735f75726c7c733a34313a22687474703a2f2f6c6f63616c686f73743a383038302f696e6465782e7068702f64617368626f617264223b656d61696c69647c733a31393a227072696e636970616c40676d61696c2e636f6d223b6e616d657c733a393a225072696e636970616c223b6d6f62696c655f6e756d6265727c733a31303a2239383736353433323132223b61646d696e5f69647c733a313a2234223b69734c6f67676564496e7c623a313b726f6c655f69647c733a313a2234223b6572726f727c4e3b737563636573737c4e3b),
('ci_sessions:kdghrh2m6vd29u1rh5oh6ld6uv5rartr', '::1', 4294967295, 0x5f5f63695f6c6173745f726567656e65726174657c693a313637363339313137373b5f63695f70726576696f75735f75726c7c733a34313a22687474703a2f2f6c6f63616c686f73743a383038302f696e6465782e7068702f64617368626f617264223b656d61696c69647c733a31393a227072696e636970616c40676d61696c2e636f6d223b6e616d657c733a393a225072696e636970616c223b6d6f62696c655f6e756d6265727c733a31303a2239383736353433323132223b61646d696e5f69647c733a313a2234223b69734c6f67676564496e7c623a313b726f6c655f69647c733a313a2234223b6572726f727c4e3b737563636573737c4e3b),
('ci_sessions:lsuml3uoninrfo0kujq2u19kq06d6e6n', '::1', 4294967295, 0x5f5f63695f6c6173745f726567656e65726174657c693a313637363339313137373b5f63695f70726576696f75735f75726c7c733a33323a22687474703a2f2f6c6f63616c686f73743a383038302f696e6465782e7068702f223b656d61696c69647c733a31333a22686f6440676d61696c2e636f6d223b6e616d657c733a333a22484f44223b6d6f62696c655f6e756d6265727c733a31303a2239383736353433323130223b61646d696e5f69647c733a313a2232223b69734c6f67676564496e7c623a313b726f6c655f69647c733a313a2232223b6572726f727c4e3b737563636573737c4e3b),
('ci_sessions:3o2glj13gfteusucpp3gpib810nlbatg', '::1', 4294967295, 0x5f5f63695f6c6173745f726567656e65726174657c693a313637363434363934313b5f63695f70726576696f75735f75726c7c733a33323a22687474703a2f2f6c6f63616c686f73743a383038302f696e6465782e7068702f223b656d61696c69647c733a31333a22686f6440676d61696c2e636f6d223b6e616d657c733a333a22484f44223b6d6f62696c655f6e756d6265727c733a31303a2239383736353433323130223b61646d696e5f69647c733a313a2232223b69734c6f67676564496e7c623a313b726f6c655f69647c733a313a2232223b6572726f727c4e3b737563636573737c4e3b),
('ci_sessions:340satn0t57nv0u4cmhjdr8knteqgad7', '::1', 4294967295, 0x5f5f63695f6c6173745f726567656e65726174657c693a313637363434373335383b5f63695f70726576696f75735f75726c7c733a34313a22687474703a2f2f6c6f63616c686f73743a383038302f696e6465782e7068702f64617368626f617264223b656d61696c69647c733a31393a227072696e636970616c40676d61696c2e636f6d223b6e616d657c733a393a225072696e636970616c223b6d6f62696c655f6e756d6265727c733a31303a2239383736353433323132223b61646d696e5f69647c733a313a2234223b69734c6f67676564496e7c623a313b726f6c655f69647c733a313a2234223b6572726f727c4e3b737563636573737c4e3b),
('ci_sessions:3ehaohb2of81ahemacct13ea07ea4j8l', '::1', 4294967295, 0x5f5f63695f6c6173745f726567656e65726174657c693a313637363434383036313b5f63695f70726576696f75735f75726c7c733a34313a22687474703a2f2f6c6f63616c686f73743a383038302f696e6465782e7068702f64617368626f617264223b656d61696c69647c733a31393a227072696e636970616c40676d61696c2e636f6d223b6e616d657c733a393a225072696e636970616c223b6d6f62696c655f6e756d6265727c733a31303a2239383736353433323132223b61646d696e5f69647c733a313a2234223b69734c6f67676564496e7c623a313b726f6c655f69647c733a313a2234223b6572726f727c4e3b737563636573737c4e3b),
('ci_sessions:6m1j3qencdef1pqgm29mit2r56l1tr23', '::1', 4294967295, 0x5f5f63695f6c6173745f726567656e65726174657c693a313637363434393939313b5f63695f70726576696f75735f75726c7c733a33323a22687474703a2f2f6c6f63616c686f73743a383038302f696e6465782e7068702f223b656d61696c69647c733a31393a227072696e636970616c40676d61696c2e636f6d223b6e616d657c733a393a225072696e636970616c223b6d6f62696c655f6e756d6265727c733a31303a2239383736353433323132223b61646d696e5f69647c733a313a2234223b69734c6f67676564496e7c623a313b726f6c655f69647c733a313a2234223b6572726f727c4e3b737563636573737c4e3b),
('ci_sessions:keuau2a505imuiau96ptfk7rrvmhqg7s', '::1', 4294967295, 0x5f5f63695f6c6173745f726567656e65726174657c693a313637363435323639323b5f63695f70726576696f75735f75726c7c733a33323a22687474703a2f2f6c6f63616c686f73743a383038302f696e6465782e7068702f223b656d61696c69647c733a31393a227072696e636970616c40676d61696c2e636f6d223b6e616d657c733a393a225072696e636970616c223b6d6f62696c655f6e756d6265727c733a31303a2239383736353433323132223b61646d696e5f69647c733a313a2234223b69734c6f67676564496e7c623a313b726f6c655f69647c733a313a2234223b6572726f727c4e3b737563636573737c4e3b),
('ci_sessions:nnf8fh3ali7h6t3s7v3iheiajg28g5rf', '::1', 4294967295, 0x5f5f63695f6c6173745f726567656e65726174657c693a313637363435333031313b5f63695f70726576696f75735f75726c7c733a34313a22687474703a2f2f6c6f63616c686f73743a383038302f696e6465782e7068702f64617368626f617264223b656d61696c69647c733a31393a227072696e636970616c40676d61696c2e636f6d223b6e616d657c733a393a225072696e636970616c223b6d6f62696c655f6e756d6265727c733a31303a2239383736353433323132223b61646d696e5f69647c733a313a2234223b69734c6f67676564496e7c623a313b726f6c655f69647c733a313a2234223b6572726f727c4e3b737563636573737c4e3b),
('ci_sessions:ti7kfp080ln2lh2b28aphaltk9blv15j', '::1', 4294967295, 0x5f5f63695f6c6173745f726567656e65726174657c693a313637363435333031313b5f63695f70726576696f75735f75726c7c733a33323a22687474703a2f2f6c6f63616c686f73743a383038302f696e6465782e7068702f223b656d61696c69647c733a31393a227072696e636970616c40676d61696c2e636f6d223b6e616d657c733a393a225072696e636970616c223b6d6f62696c655f6e756d6265727c733a31303a2239383736353433323132223b61646d696e5f69647c733a313a2234223b69734c6f67676564496e7c623a313b726f6c655f69647c733a313a2234223b6572726f727c4e3b),
('ci_sessions:i88ne8aaov9vs35cbl1clmtq77mq0hrn', '::1', 4294967295, 0x5f5f63695f6c6173745f726567656e65726174657c693a313637363436333835333b5f63695f70726576696f75735f75726c7c733a34313a22687474703a2f2f6c6f63616c686f73743a383038302f696e6465782e7068702f64617368626f617264223b656d61696c69647c733a31333a22686f6440676d61696c2e636f6d223b6e616d657c733a333a22484f44223b6d6f62696c655f6e756d6265727c733a31303a2239383736353433323130223b61646d696e5f69647c733a313a2232223b69734c6f67676564496e7c623a313b726f6c655f69647c733a313a2232223b6572726f727c4e3b737563636573737c4e3b),
('ci_sessions:efnu8rfkebgoufn60rbt5f7kpgb9gtkv', '::1', 4294967295, 0x5f5f63695f6c6173745f726567656e65726174657c693a313637363436343137333b5f63695f70726576696f75735f75726c7c733a33323a22687474703a2f2f6c6f63616c686f73743a383038302f696e6465782e7068702f223b656d61696c69647c733a31393a227072696e636970616c40676d61696c2e636f6d223b6e616d657c733a393a225072696e636970616c223b6d6f62696c655f6e756d6265727c733a31303a2239383736353433323132223b61646d696e5f69647c733a313a2234223b69734c6f67676564496e7c623a313b726f6c655f69647c733a313a2234223b6572726f727c4e3b),
('ci_sessions:f6mholshofv97h03pd1rtghap3hjgqpn', '::1', 4294967295, 0x5f5f63695f6c6173745f726567656e65726174657c693a313637363436343533323b5f63695f70726576696f75735f75726c7c733a33323a22687474703a2f2f6c6f63616c686f73743a383038302f696e6465782e7068702f223b656d61696c69647c733a31333a22686f6440676d61696c2e636f6d223b6e616d657c733a333a22484f44223b6d6f62696c655f6e756d6265727c733a31303a2239383736353433323130223b61646d696e5f69647c733a313a2232223b69734c6f67676564496e7c623a313b726f6c655f69647c733a313a2232223b6572726f727c4e3b737563636573737c4e3b),
('ci_sessions:4aau12lp1a6766unvrad0peo8gv9tttt', '::1', 4294967295, 0x5f5f63695f6c6173745f726567656e65726174657c693a313637363436343833353b5f63695f70726576696f75735f75726c7c733a33323a22687474703a2f2f6c6f63616c686f73743a383038302f696e6465782e7068702f223b656d61696c69647c733a31393a2272656769737472617240676d61696c2e636f6d223b6e616d657c733a393a22526567697374726172223b6d6f62696c655f6e756d6265727c733a31303a2239383736353433323131223b61646d696e5f69647c733a313a2233223b69734c6f67676564496e7c623a313b726f6c655f69647c733a313a2233223b6572726f727c4e3b),
('ci_sessions:5gu2t0s8e1lp7cttqglbn10bs9hjqsl6', '::1', 4294967295, 0x5f5f63695f6c6173745f726567656e65726174657c693a313637363436343833353b5f63695f70726576696f75735f75726c7c733a33323a22687474703a2f2f6c6f63616c686f73743a383038302f696e6465782e7068702f223b656d61696c69647c733a31393a2272656769737472617240676d61696c2e636f6d223b6e616d657c733a393a22526567697374726172223b6d6f62696c655f6e756d6265727c733a31303a2239383736353433323131223b61646d696e5f69647c733a313a2233223b69734c6f67676564496e7c623a313b726f6c655f69647c733a313a2233223b6572726f727c4e3b737563636573737c4e3b),
('ci_sessions:dufutk6keno3lqheg1f70noe1srfh24b', '::1', 4294967295, 0x5f5f63695f6c6173745f726567656e65726174657c693a313637363537303336373b5f63695f70726576696f75735f75726c7c733a33323a22687474703a2f2f6c6f63616c686f73743a383038302f696e6465782e7068702f223b656d61696c69647c733a31383a22636f6d70616e793140676d61696c2e636f6d223b6e616d657c733a393a22436f6d70616e792031223b6d6f62696c655f6e756d6265727c733a31303a2239383736353433323133223b61646d696e5f69647c733a313a2235223b69734c6f67676564496e7c623a313b726f6c655f69647c733a313a2235223b6572726f727c4e3b),
('ci_sessions:1sducok0fatvs45q01vtf1rn42crmlli', '::1', 4294967295, 0x5f5f63695f6c6173745f726567656e65726174657c693a313637363537303336373b5f63695f70726576696f75735f75726c7c733a33323a22687474703a2f2f6c6f63616c686f73743a383038302f696e6465782e7068702f223b656d61696c69647c733a31333a22686f6440676d61696c2e636f6d223b6e616d657c733a333a22484f44223b6d6f62696c655f6e756d6265727c733a31303a2239383736353433323130223b61646d696e5f69647c733a313a2232223b69734c6f67676564496e7c623a313b726f6c655f69647c733a313a2232223b6572726f727c4e3b737563636573737c4e3b),
('ci_sessions:fqs6lqgff7kvv5fsqnvf9bvu4jm4g9vj', '::1', 4294967295, 0x5f5f63695f6c6173745f726567656e65726174657c693a313637363733393939363b5f63695f70726576696f75735f75726c7c733a33323a22687474703a2f2f6c6f63616c686f73743a383038302f696e6465782e7068702f223b656d61696c69647c733a31393a2272656769737472617240676d61696c2e636f6d223b6e616d657c733a393a22526567697374726172223b6d6f62696c655f6e756d6265727c733a31303a2239383736353433323131223b61646d696e5f69647c733a313a2233223b69734c6f67676564496e7c623a313b726f6c655f69647c733a313a2233223b6572726f727c4e3b),
('ci_sessions:c465lqvtddkqbdbc8c24pa6bmp1gm9in', '::1', 4294967295, 0x5f5f63695f6c6173745f726567656e65726174657c693a313637363734303239373b5f63695f70726576696f75735f75726c7c733a33323a22687474703a2f2f6c6f63616c686f73743a383038302f696e6465782e7068702f223b656d61696c69647c733a31333a22686f6440676d61696c2e636f6d223b6e616d657c733a333a22484f44223b6d6f62696c655f6e756d6265727c733a31303a2239383736353433323130223b61646d696e5f69647c733a313a2232223b69734c6f67676564496e7c623a313b726f6c655f69647c733a313a2232223b6572726f727c4e3b737563636573737c4e3b),
('ci_sessions:ad7d6rmbn734rmduitvc90du80d4i0qc', '::1', 4294967295, 0x5f5f63695f6c6173745f726567656e65726174657c693a313637363734303638333b5f63695f70726576696f75735f75726c7c733a34313a22687474703a2f2f6c6f63616c686f73743a383038302f696e6465782e7068702f64617368626f617264223b656d61696c69647c733a31333a22686f6440676d61696c2e636f6d223b6e616d657c733a333a22484f44223b6d6f62696c655f6e756d6265727c733a31303a2239383736353433323130223b61646d696e5f69647c733a313a2232223b69734c6f67676564496e7c623a313b726f6c655f69647c733a313a2232223b6572726f727c4e3b737563636573737c4e3b),
('ci_sessions:a6008khurblmdnl2onlm9ei9t1easnk9', '::1', 4294967295, 0x5f5f63695f6c6173745f726567656e65726174657c693a313637363734313434323b5f63695f70726576696f75735f75726c7c733a34313a22687474703a2f2f6c6f63616c686f73743a383038302f696e6465782e7068702f64617368626f617264223b656d61696c69647c733a31333a22686f6440676d61696c2e636f6d223b6e616d657c733a333a22484f44223b6d6f62696c655f6e756d6265727c733a31303a2239383736353433323130223b61646d696e5f69647c733a313a2232223b69734c6f67676564496e7c623a313b726f6c655f69647c733a313a2232223b6572726f727c4e3b737563636573737c4e3b),
('ci_sessions:mo69kkkamo0o79l3bkp8s3n3ar9u6jk6', '::1', 4294967295, 0x5f5f63695f6c6173745f726567656e65726174657c693a313637363734313734333b5f63695f70726576696f75735f75726c7c733a34313a22687474703a2f2f6c6f63616c686f73743a383038302f696e6465782e7068702f64617368626f617264223b656d61696c69647c733a31333a22686f6440676d61696c2e636f6d223b6e616d657c733a333a22484f44223b6d6f62696c655f6e756d6265727c733a31303a2239383736353433323130223b61646d696e5f69647c733a313a2232223b69734c6f67676564496e7c623a313b726f6c655f69647c733a313a2232223b6572726f727c4e3b737563636573737c4e3b),
('ci_sessions:02m4gnafs9dpmc1iln1vnjhscbdb9i5s', '::1', 4294967295, 0x5f5f63695f6c6173745f726567656e65726174657c693a313637363734323035323b5f63695f70726576696f75735f75726c7c733a34313a22687474703a2f2f6c6f63616c686f73743a383038302f696e6465782e7068702f64617368626f617264223b656d61696c69647c733a32303a22696e7374727563746f7240676d61696c2e636f6d223b6e616d657c733a31303a22496e7374727563746f72223b6d6f62696c655f6e756d6265727c733a31303a2237333533343438393931223b61646d696e5f69647c733a313a2231223b69734c6f67676564496e7c623a313b726f6c655f69647c733a313a2231223b6572726f727c4e3b737563636573737c4e3b),
('ci_sessions:jupq6eqpte1h723bk47fopquevv6r914', '::1', 4294967295, 0x5f5f63695f6c6173745f726567656e65726174657c693a313637363734323632363b5f63695f70726576696f75735f75726c7c733a34313a22687474703a2f2f6c6f63616c686f73743a383038302f696e6465782e7068702f64617368626f617264223b656d61696c69647c733a32303a22696e7374727563746f7240676d61696c2e636f6d223b6e616d657c733a31303a22496e7374727563746f72223b6d6f62696c655f6e756d6265727c733a31303a2237333533343438393931223b61646d696e5f69647c733a313a2231223b69734c6f67676564496e7c623a313b726f6c655f69647c733a313a2231223b6572726f727c4e3b737563636573737c4e3b),
('ci_sessions:5tbi7fmqhlds2bvuk7bec904ka2od265', '::1', 4294967295, 0x5f5f63695f6c6173745f726567656e65726174657c693a313637363734333034333b5f63695f70726576696f75735f75726c7c733a34313a22687474703a2f2f6c6f63616c686f73743a383038302f696e6465782e7068702f64617368626f617264223b656d61696c69647c733a32303a22696e7374727563746f7240676d61696c2e636f6d223b6e616d657c733a31303a22496e7374727563746f72223b6d6f62696c655f6e756d6265727c733a31303a2237333533343438393931223b61646d696e5f69647c733a313a2231223b69734c6f67676564496e7c623a313b726f6c655f69647c733a313a2231223b6572726f727c4e3b737563636573737c4e3b),
('ci_sessions:ujbjgapulvrif8bh88ul3pb7i6n4v9nc', '::1', 4294967295, 0x5f5f63695f6c6173745f726567656e65726174657c693a313637363734333437373b5f63695f70726576696f75735f75726c7c733a34313a22687474703a2f2f6c6f63616c686f73743a383038302f696e6465782e7068702f64617368626f617264223b656d61696c69647c733a32303a22696e7374727563746f7240676d61696c2e636f6d223b6e616d657c733a31303a22496e7374727563746f72223b6d6f62696c655f6e756d6265727c733a31303a2237333533343438393931223b61646d696e5f69647c733a313a2231223b69734c6f67676564496e7c623a313b726f6c655f69647c733a313a2231223b6572726f727c4e3b737563636573737c4e3b),
('ci_sessions:9jp14moir310ov9s9a10riujp9ohctjn', '::1', 4294967295, 0x5f5f63695f6c6173745f726567656e65726174657c693a313637363734333738313b5f63695f70726576696f75735f75726c7c733a34313a22687474703a2f2f6c6f63616c686f73743a383038302f696e6465782e7068702f64617368626f617264223b656d61696c69647c733a32303a22696e7374727563746f7240676d61696c2e636f6d223b6e616d657c733a31303a22496e7374727563746f72223b6d6f62696c655f6e756d6265727c733a31303a2237333533343438393931223b61646d696e5f69647c733a313a2231223b69734c6f67676564496e7c623a313b726f6c655f69647c733a313a2231223b6572726f727c4e3b737563636573737c4e3b5f5f63695f766172737c613a313a7b733a373a2273756363657373223b733a333a226f6c64223b7d),
('ci_sessions:s3cehlmjnqembent503cmm7kh2u5a463', '::1', 4294967295, 0x5f5f63695f6c6173745f726567656e65726174657c693a313637363734343038383b5f63695f70726576696f75735f75726c7c733a33323a22687474703a2f2f6c6f63616c686f73743a383038302f696e6465782e7068702f223b656d61696c69647c733a31383a22636f6d70616e793340676d61696c2e636f6d223b6e616d657c733a393a22436f6d70616e792033223b6d6f62696c655f6e756d6265727c733a31303a2239383736353433323135223b61646d696e5f69647c733a313a2237223b69734c6f67676564496e7c623a313b726f6c655f69647c733a313a2235223b6572726f727c4e3b),
('ci_sessions:a3iep1f675h58564q287a0fa3juh1b20', '::1', 4294967295, 0x5f5f63695f6c6173745f726567656e65726174657c693a313637363734343430363b5f63695f70726576696f75735f75726c7c733a34313a22687474703a2f2f6c6f63616c686f73743a383038302f696e6465782e7068702f64617368626f617264223b656d61696c69647c733a31393a2272656769737472617240676d61696c2e636f6d223b6e616d657c733a393a22526567697374726172223b6d6f62696c655f6e756d6265727c733a31303a2239383736353433323131223b61646d696e5f69647c733a313a2233223b69734c6f67676564496e7c623a313b726f6c655f69647c733a313a2233223b6572726f727c4e3b737563636573737c4e3b),
('ci_sessions:c396vu9em4mfp98nh4joqg381sg51hi0', '::1', 4294967295, 0x5f5f63695f6c6173745f726567656e65726174657c693a313637363734343735303b5f63695f70726576696f75735f75726c7c733a34313a22687474703a2f2f6c6f63616c686f73743a383038302f696e6465782e7068702f64617368626f617264223b656d61696c69647c733a31393a227072696e636970616c40676d61696c2e636f6d223b6e616d657c733a393a225072696e636970616c223b6d6f62696c655f6e756d6265727c733a31303a2239383736353433323132223b61646d696e5f69647c733a313a2234223b69734c6f67676564496e7c623a313b726f6c655f69647c733a313a2234223b6572726f727c4e3b737563636573737c4e3b),
('ci_sessions:9e1t9rt8fgar4sgnv7v9t1nf5thsu9vb', '::1', 4294967295, 0x5f5f63695f6c6173745f726567656e65726174657c693a313637363734353438333b5f63695f70726576696f75735f75726c7c733a34313a22687474703a2f2f6c6f63616c686f73743a383038302f696e6465782e7068702f64617368626f617264223b656d61696c69647c733a31393a227072696e636970616c40676d61696c2e636f6d223b6e616d657c733a393a225072696e636970616c223b6d6f62696c655f6e756d6265727c733a31303a2239383736353433323132223b61646d696e5f69647c733a313a2234223b69734c6f67676564496e7c623a313b726f6c655f69647c733a313a2234223b6572726f727c4e3b737563636573737c4e3b),
('ci_sessions:ij436guvisbhp3eiegoia4dlcm7jbrl5', '::1', 4294967295, 0x5f5f63695f6c6173745f726567656e65726174657c693a313637363734353738393b5f63695f70726576696f75735f75726c7c733a36303a22687474703a2f2f6c6f63616c686f73743a383038302f696e6465782e7068702f64617368626f6172642f75706c6f61642f636f6d7061726174697665223b656d61696c69647c733a31393a2272656769737472617240676d61696c2e636f6d223b6e616d657c733a393a22526567697374726172223b6d6f62696c655f6e756d6265727c733a31303a2239383736353433323131223b61646d696e5f69647c733a313a2233223b69734c6f67676564496e7c623a313b726f6c655f69647c733a313a2233223b6572726f727c4e3b737563636573737c733a373a2253756363657373223b5f5f63695f766172737c613a313a7b733a373a2273756363657373223b733a333a226e6577223b7d),
('ci_sessions:tle4fm7g99tvnqr3e3vvc0hgg8a7d46q', '::1', 4294967295, 0x5f5f63695f6c6173745f726567656e65726174657c693a313637363734363130383b5f63695f70726576696f75735f75726c7c733a33323a22687474703a2f2f6c6f63616c686f73743a383038302f696e6465782e7068702f223b656d61696c69647c733a31393a227072696e636970616c40676d61696c2e636f6d223b6e616d657c733a393a225072696e636970616c223b6d6f62696c655f6e756d6265727c733a31303a2239383736353433323132223b61646d696e5f69647c733a313a2234223b69734c6f67676564496e7c623a313b726f6c655f69647c733a313a2234223b6572726f727c4e3b737563636573737c4e3b),
('ci_sessions:qn9tdm6fe6a2jm4um1cbsvh40vnum133', '::1', 4294967295, 0x5f5f63695f6c6173745f726567656e65726174657c693a313637363734363431323b5f63695f70726576696f75735f75726c7c733a33323a22687474703a2f2f6c6f63616c686f73743a383038302f696e6465782e7068702f223b656d61696c69647c733a31383a22636f6d70616e793240676d61696c2e636f6d223b6e616d657c733a393a22436f6d70616e792032223b6d6f62696c655f6e756d6265727c733a31303a2239383736353433323134223b61646d696e5f69647c733a313a2236223b69734c6f67676564496e7c623a313b726f6c655f69647c733a313a2235223b6572726f727c4e3b737563636573737c4e3b),
('ci_sessions:gaj0ko49kq3ib35sbuk4t8d4d3bqvo17', '::1', 4294967295, 0x5f5f63695f6c6173745f726567656e65726174657c693a313637363734363731353b5f63695f70726576696f75735f75726c7c733a34313a22687474703a2f2f6c6f63616c686f73743a383038302f696e6465782e7068702f64617368626f617264223b656d61696c69647c733a31393a2272656769737472617240676d61696c2e636f6d223b6e616d657c733a393a22526567697374726172223b6d6f62696c655f6e756d6265727c733a31303a2239383736353433323131223b61646d696e5f69647c733a313a2233223b69734c6f67676564496e7c623a313b726f6c655f69647c733a313a2233223b6572726f727c4e3b737563636573737c4e3b),
('ci_sessions:tp8snt4q09nqo98nnq6hato8qvmd8hqh', '::1', 4294967295, 0x5f5f63695f6c6173745f726567656e65726174657c693a313637363734373234303b5f63695f70726576696f75735f75726c7c733a33323a22687474703a2f2f6c6f63616c686f73743a383038302f696e6465782e7068702f223b656d61696c69647c733a31333a22686f6440676d61696c2e636f6d223b6e616d657c733a333a22484f44223b6d6f62696c655f6e756d6265727c733a31303a2239383736353433323130223b61646d696e5f69647c733a313a2232223b69734c6f67676564496e7c623a313b726f6c655f69647c733a313a2232223b6572726f727c4e3b737563636573737c4e3b),
('ci_sessions:8l8ebl1v605ffgvq673u18s5c6mf3hvb', '::1', 4294967295, 0x5f5f63695f6c6173745f726567656e65726174657c693a313637363734373234303b5f63695f70726576696f75735f75726c7c733a33323a22687474703a2f2f6c6f63616c686f73743a383038302f696e6465782e7068702f223b656d61696c69647c733a31333a22686f6440676d61696c2e636f6d223b6e616d657c733a333a22484f44223b6d6f62696c655f6e756d6265727c733a31303a2239383736353433323130223b61646d696e5f69647c733a313a2232223b69734c6f67676564496e7c623a313b726f6c655f69647c733a313a2232223b6572726f727c4e3b737563636573737c4e3b),
('ci_sessions:tsgja5a97f5kensd2kgk2rhb3kh5t6oh', '::1', 4294967295, 0x5f5f63695f6c6173745f726567656e65726174657c693a313637363839353336383b6572726f727c4e3b737563636573737c4e3b5f63695f70726576696f75735f75726c7c733a33323a22687474703a2f2f6c6f63616c686f73743a383038302f696e6465782e7068702f223b),
('ci_sessions:mb94quh8nlipbptfmicfkmibb99fd76s', '::1', 4294967295, 0x5f5f63695f6c6173745f726567656e65726174657c693a313637363839353739363b6572726f727c4e3b737563636573737c4e3b5f63695f70726576696f75735f75726c7c733a33323a22687474703a2f2f6c6f63616c686f73743a383038302f696e6465782e7068702f223b),
('ci_sessions:926if4vjokus3204pnrponcfqg6lcvc5', '::1', 4294967295, 0x5f5f63695f6c6173745f726567656e65726174657c693a313637363839373935393b6572726f727c4e3b737563636573737c4e3b5f63695f70726576696f75735f75726c7c733a33323a22687474703a2f2f6c6f63616c686f73743a383038302f696e6465782e7068702f223b),
('ci_sessions:n9r46t5qiako9tjilkldb37b36ccrjtr', '::1', 4294967295, 0x5f5f63695f6c6173745f726567656e65726174657c693a313637363839383236343b6572726f727c4e3b737563636573737c4e3b5f63695f70726576696f75735f75726c7c733a33323a22687474703a2f2f6c6f63616c686f73743a383038302f696e6465782e7068702f223b),
('ci_sessions:8r0llp697fcl17vq0o1csvc1kvg2ojnd', '::1', 4294967295, 0x5f5f63695f6c6173745f726567656e65726174657c693a313637363839383236343b6572726f727c4e3b737563636573737c4e3b5f63695f70726576696f75735f75726c7c733a33323a22687474703a2f2f6c6f63616c686f73743a383038302f696e6465782e7068702f223b),
('ci_sessions:64k5q4rrn42rkaq4nvaj954flubf76cv', '::1', 4294967295, 0x5f5f63695f6c6173745f726567656e65726174657c693a313637373034383733353b5f63695f70726576696f75735f75726c7c733a34313a22687474703a2f2f6c6f63616c686f73743a383038302f696e6465782e7068702f64617368626f617264223b656d61696c69647c733a31333a22686f6440676d61696c2e636f6d223b6e616d657c733a333a22484f44223b6d6f62696c655f6e756d6265727c733a31303a2239383736353433323130223b61646d696e5f69647c733a313a2232223b69734c6f67676564496e7c623a313b726f6c655f69647c733a313a2232223b6572726f727c4e3b737563636573737c4e3b),
('ci_sessions:nq9g49qj876vbqosbp9ejkgcf65on490', '::1', 4294967295, 0x5f5f63695f6c6173745f726567656e65726174657c693a313637373034393033393b5f63695f70726576696f75735f75726c7c733a33323a22687474703a2f2f6c6f63616c686f73743a383038302f696e6465782e7068702f223b656d61696c69647c733a31393a227072696e636970616c40676d61696c2e636f6d223b6e616d657c733a393a225072696e636970616c223b6d6f62696c655f6e756d6265727c733a31303a2239383736353433323132223b61646d696e5f69647c733a313a2234223b69734c6f67676564496e7c623a313b726f6c655f69647c733a313a2234223b6572726f727c4e3b),
('ci_sessions:idufnaau59d7r06lg1682g6sa4vhjrj8', '::1', 4294967295, 0x5f5f63695f6c6173745f726567656e65726174657c693a313637373034393033393b5f63695f70726576696f75735f75726c7c733a33323a22687474703a2f2f6c6f63616c686f73743a383038302f696e6465782e7068702f223b656d61696c69647c733a31333a22686f6440676d61696c2e636f6d223b6e616d657c733a333a22484f44223b6d6f62696c655f6e756d6265727c733a31303a2239383736353433323130223b61646d696e5f69647c733a313a2232223b69734c6f67676564496e7c623a313b726f6c655f69647c733a313a2232223b6572726f727c4e3b737563636573737c4e3b),
('ci_sessions:of18le2q9idje4vu07n8g1ob4etih3rk', '::1', 4294967295, 0x5f5f63695f6c6173745f726567656e65726174657c693a313637373035393339333b5f63695f70726576696f75735f75726c7c733a34313a22687474703a2f2f6c6f63616c686f73743a383038302f696e6465782e7068702f64617368626f617264223b656d61696c69647c733a31383a22636f6d70616e793140676d61696c2e636f6d223b6e616d657c733a393a22436f6d70616e792031223b6d6f62696c655f6e756d6265727c733a31303a2239383736353433323133223b61646d696e5f69647c733a313a2235223b69734c6f67676564496e7c623a313b726f6c655f69647c733a313a2235223b6572726f727c4e3b737563636573737c4e3b),
('ci_sessions:9p603a7a901o5t707nejndln5b8ruvci', '::1', 4294967295, 0x5f5f63695f6c6173745f726567656e65726174657c693a313637373035393639363b5f63695f70726576696f75735f75726c7c733a33323a22687474703a2f2f6c6f63616c686f73743a383038302f696e6465782e7068702f223b656d61696c69647c733a31393a2272656769737472617240676d61696c2e636f6d223b6e616d657c733a393a22526567697374726172223b6d6f62696c655f6e756d6265727c733a31303a2239383736353433323131223b61646d696e5f69647c733a313a2233223b69734c6f67676564496e7c623a313b726f6c655f69647c733a313a2233223b6572726f727c4e3b737563636573737c4e3b),
('ci_sessions:mh8vss8lbs44md62tib6rmbkh812aq1g', '::1', 4294967295, 0x5f5f63695f6c6173745f726567656e65726174657c693a313637373035393639363b5f63695f70726576696f75735f75726c7c733a34313a22687474703a2f2f6c6f63616c686f73743a383038302f696e6465782e7068702f64617368626f617264223b656d61696c69647c733a31393a227072696e636970616c40676d61696c2e636f6d223b6e616d657c733a393a225072696e636970616c223b6d6f62696c655f6e756d6265727c733a31303a2239383736353433323132223b61646d696e5f69647c733a313a2234223b69734c6f67676564496e7c623a313b726f6c655f69647c733a313a2234223b6572726f727c4e3b737563636573737c4e3b);

-- --------------------------------------------------------

--
-- Table structure for table `documents`
--

CREATE TABLE `documents` (
  `document_id` int(11) NOT NULL,
  `intent` varchar(255) NOT NULL DEFAULT '',
  `created_on` datetime NOT NULL DEFAULT current_timestamp(),
  `pendingFrom` int(11) NOT NULL,
  `comments` varchar(1000) NOT NULL,
  `approvalStatus` smallint(11) NOT NULL DEFAULT 0,
  `quotation` varchar(255) DEFAULT NULL,
  `comparative` varchar(255) DEFAULT NULL,
  `principalApproval` tinyint(11) DEFAULT NULL,
  `hodApproval` tinyint(11) DEFAULT NULL,
  `company_id` int(11) DEFAULT NULL,
  `bill` bigint(20) DEFAULT 0,
  `billImage` varchar(255) DEFAULT NULL,
  `rejectReason` varchar(500) DEFAULT NULL
) ENGINE=InnoDB DEFAULT CHARSET=latin1;

--
-- Dumping data for table `documents`
--

INSERT INTO `documents` (`document_id`, `intent`, `created_on`, `pendingFrom`, `comments`, `approvalStatus`, `quotation`, `comparative`, `principalApproval`, `hodApproval`, `company_id`, `bill`, `billImage`, `rejectReason`) VALUES
(1, '1676746192.jpeg', '2023-02-19 00:19:52', 0, 'Check HOD', 1, '1676746230.jpeg', '1676746271.jpeg', 1, 1, 6, 45345, '1676746521.jpeg', NULL),
(2, '1676746606.jpeg', '2023-02-19 00:26:40', 2, '', 2, NULL, NULL, NULL, NULL, NULL, 0, NULL, 'No Amount'),
(3, '1676746677.jpeg', '2023-02-19 00:27:57', 0, 'Admin', 1, '1676746715.jpeg', '1676746777.jpeg', 1, 1, 6, 45000, '1676746808.jpeg', NULL),
(4, '1677048700.jpeg', '2023-02-22 12:21:40', 2, 'CHECK MADAM', 2, NULL, NULL, NULL, NULL, NULL, 0, NULL, 'No funds'),
(5, '1677048790.jpeg', '2023-02-22 12:23:10', 0, '', 1, '1677048828.jpeg', '1677048931.jpeg', 1, 1, 6, 45000, '1677049015.jpeg', NULL),
(6, '1677059159.jpeg', '2023-02-22 15:15:59', 2, 'Check Madam', 2, NULL, NULL, NULL, NULL, NULL, 0, NULL, 'no fund this year'),
(7, '1677059315.jpeg', '2023-02-22 15:18:35', 0, 'Check it new', 1, '1677059360.jpeg', '1677059486.jpeg', 1, 1, 5, 60000, '1677059534.jpeg', NULL);

-- --------------------------------------------------------

--
-- Table structure for table `quotation`
--

CREATE TABLE `quotation` (
  `quotation_id` int(11) UNSIGNED NOT NULL,
  `company_id` int(11) NOT NULL,
  `document_id` int(11) NOT NULL,
  `invoice` varchar(255) NOT NULL DEFAULT '',
  `approvalStatus` int(11) DEFAULT NULL
) ENGINE=InnoDB DEFAULT CHARSET=utf8mb4;

--
-- Dumping data for table `quotation`
--

INSERT INTO `quotation` (`quotation_id`, `company_id`, `document_id`, `invoice`, `approvalStatus`) VALUES
(1, 5, 1, '1676746287.jpeg', NULL),
(2, 6, 1, '1676746307.jpeg', NULL),
(3, 7, 1, '1676746416.jpeg', NULL),
(4, 5, 3, '1676746732.jpeg', NULL),
(5, 6, 3, '1676746748.jpeg', NULL),
(6, 7, 3, '1676746763.jpeg', NULL),
(7, 5, 5, '1677048855.jpeg', NULL),
(8, 6, 5, '1677048877.jpeg', NULL),
(9, 7, 5, '1677048897.jpeg', NULL),
(10, 5, 7, '1677059393.jpeg', NULL),
(11, 6, 7, '1677059414.jpeg', NULL),
(12, 7, 7, '1677059452.jpeg', NULL);

--
-- Indexes for dumped tables
--

--
-- Indexes for table `admin`
--
ALTER TABLE `admin`
  ADD PRIMARY KEY (`admin_id`);

--
-- Indexes for table `budget`
--
ALTER TABLE `budget`
  ADD PRIMARY KEY (`id`);

--
-- Indexes for table `documents`
--
ALTER TABLE `documents`
  ADD PRIMARY KEY (`document_id`);

--
-- Indexes for table `quotation`
--
ALTER TABLE `quotation`
  ADD PRIMARY KEY (`quotation_id`);

--
-- AUTO_INCREMENT for dumped tables
--

--
-- AUTO_INCREMENT for table `admin`
--
ALTER TABLE `admin`
  MODIFY `admin_id` int(11) NOT NULL AUTO_INCREMENT, AUTO_INCREMENT=8;

--
-- AUTO_INCREMENT for table `budget`
--
ALTER TABLE `budget`
  MODIFY `id` int(11) UNSIGNED NOT NULL AUTO_INCREMENT, AUTO_INCREMENT=2;

--
-- AUTO_INCREMENT for table `documents`
--
ALTER TABLE `documents`
  MODIFY `document_id` int(11) NOT NULL AUTO_INCREMENT, AUTO_INCREMENT=8;

--
-- AUTO_INCREMENT for table `quotation`
--
ALTER TABLE `quotation`
  MODIFY `quotation_id` int(11) UNSIGNED NOT NULL AUTO_INCREMENT, AUTO_INCREMENT=13;
COMMIT;

/*!40101 SET CHARACTER_SET_CLIENT=@OLD_CHARACTER_SET_CLIENT */;
/*!40101 SET CHARACTER_SET_RESULTS=@OLD_CHARACTER_SET_RESULTS */;
/*!40101 SET COLLATION_CONNECTION=@OLD_COLLATION_CONNECTION */;
